id,product_id,record_type,start_month,total_first_month,total_next_month,total_next_next_month,instruction_date,instruction_quantity,inspection_category,month_type,day_number,created_at
1,1,V3,2508,992,1408,1496,2025-08-01,56,N,first,1,"2025-09-28 01:29:04"
2,1,V3,2508,992,1408,1496,2025-08-04,56,N,first,2,"2025-09-28 01:29:04"
3,1,V3,2508,992,1408,1496,2025-08-05,72,N,first,3,"2025-09-28 01:29:04"
4,1,V3,2508,992,1408,1496,2025-08-06,56,N,first,4,"2025-09-28 01:29:04"
5,1,V3,2508,992,1408,1496,2025-08-07,72,N,first,5,"2025-09-28 01:29:04"
6,1,V3,2508,992,1408,1496,2025-08-08,48,N,first,6,"2025-09-28 01:29:04"
7,1,V3,2508,992,1408,1496,2025-08-18,80,N,first,7,"2025-09-28 01:29:04"
8,1,V3,2508,992,1408,1496,2025-08-19,56,N,first,8,"2025-09-28 01:29:04"
9,1,V3,2508,992,1408,1496,2025-08-20,56,N,first,9,"2025-09-28 01:29:04"
10,1,V3,2508,992,1408,1496,2025-08-21,56,N,first,10,"2025-09-28 01:29:04"
11,1,V3,2508,992,1408,1496,2025-08-22,56,N,first,11,"2025-09-28 01:29:04"
12,1,V3,2508,992,1408,1496,2025-08-25,72,N,first,12,"2025-09-28 01:29:04"
13,1,V3,2508,992,1408,1496,2025-08-26,72,N,first,13,"2025-09-28 01:29:04"
14,1,V3,2508,992,1408,1496,2025-08-27,56,N,first,14,"2025-09-28 01:29:04"
15,1,V3,2508,992,1408,1496,2025-08-28,72,N,first,15,"2025-09-28 01:29:04"
16,1,V3,2508,992,1408,1496,2025-08-29,56,N,first,16,"2025-09-28 01:29:04"
23,1,V3,2508,992,1408,1496,2025-09-09,56,N,next,7,"2025-09-28 01:29:04"
58,2,V3,2508,990,1410,1497,2025-08-01,54,N,first,1,"2025-09-28 01:29:04"
59,2,V3,2508,990,1410,1497,2025-08-04,57,N,first,2,"2025-09-28 01:29:04"
60,2,V3,2508,990,1410,1497,2025-08-05,69,N,first,3,"2025-09-28 01:29:04"
61,2,V3,2508,990,1410,1497,2025-08-06,57,N,first,4,"2025-09-28 01:29:04"
62,2,V3,2508,990,1410,1497,2025-08-07,72,N,first,5,"2025-09-28 01:29:04"
63,2,V3,2508,990,1410,1497,2025-08-08,54,N,first,6,"2025-09-28 01:29:04"
64,2,V3,2508,990,1410,1497,2025-08-18,75,N,first,7,"2025-09-28 01:29:04"
65,2,V3,2508,990,1410,1497,2025-08-19,57,N,first,8,"2025-09-28 01:29:04"
66,2,V3,2508,990,1410,1497,2025-08-20,57,N,first,9,"2025-09-28 01:29:04"
67,2,V3,2508,990,1410,1497,2025-08-21,57,N,first,10,"2025-09-28 01:29:04"
68,2,V3,2508,990,1410,1497,2025-08-22,57,N,first,11,"2025-09-28 01:29:04"
69,2,V3,2508,990,1410,1497,2025-08-25,69,N,first,12,"2025-09-28 01:29:04"
70,2,V3,2508,990,1410,1497,2025-08-26,69,N,first,13,"2025-09-28 01:29:04"
71,2,V3,2508,990,1410,1497,2025-08-27,57,N,first,14,"2025-09-28 01:29:04"
72,2,V3,2508,990,1410,1497,2025-08-28,72,N,first,15,"2025-09-28 01:29:04"
73,2,V3,2508,990,1410,1497,2025-08-29,57,N,first,16,"2025-09-28 01:29:04"
80,2,V3,2508,990,1410,1497,2025-09-09,54,N,next,7,"2025-09-28 01:29:04"
115,3,V3,2508,141,87,120,2025-08-01,12,NS,first,1,"2025-09-28 01:29:04"
116,3,V3,2508,141,87,120,2025-08-04,12,NS,first,2,"2025-09-28 01:29:04"
117,3,V3,2508,141,87,120,2025-08-05,9,NS,first,3,"2025-09-28 01:29:04"
118,3,V3,2508,141,87,120,2025-08-06,12,NS,first,4,"2025-09-28 01:29:04"
119,3,V3,2508,141,87,120,2025-08-07,12,NS,first,5,"2025-09-28 01:29:04"
120,3,V3,2508,141,87,120,2025-08-08,12,NS,first,6,"2025-09-28 01:29:04"
121,3,V3,2508,141,87,120,2025-08-18,9,NS,first,7,"2025-09-28 01:29:04"
122,3,V3,2508,141,87,120,2025-08-19,15,NS,first,8,"2025-09-28 01:29:04"
123,3,V3,2508,141,87,120,2025-08-20,9,NS,first,9,"2025-09-28 01:29:04"
124,3,V3,2508,141,87,120,2025-08-21,12,NS,first,10,"2025-09-28 01:29:04"
125,3,V3,2508,141,87,120,2025-08-22,9,NS,first,11,"2025-09-28 01:29:04"
126,3,V3,2508,141,87,120,2025-08-25,9,NS,first,12,"2025-09-28 01:29:04"
127,3,V3,2508,141,87,120,2025-08-26,3,NS,first,13,"2025-09-28 01:29:04"
128,3,V3,2508,141,87,120,2025-08-28,3,NS,first,14,"2025-09-28 01:29:04"
129,3,V3,2508,141,87,120,2025-08-29,3,NS,first,15,"2025-09-28 01:29:04"
147,3,V3,2508,141,87,120,2025-09-25,3,NS,next,18,"2025-09-28 01:29:04"
148,3,V3,2508,141,87,120,2025-09-29,3,NS,next,19,"2025-09-28 01:29:04"
150,3,V3,2508,141,87,120,2025-10-01,3,NS,next_next,1,"2025-09-28 01:29:04"
156,3,V3,2508,141,87,120,2025-10-09,6,NS,next_next,7,"2025-09-28 01:29:04"
159,3,V3,2508,141,87,120,2025-10-15,6,NS,next_next,10,"2025-09-28 01:29:04"
160,3,V3,2508,141,87,120,2025-10-16,3,NS,next_next,11,"2025-09-28 01:29:04"
162,3,V3,2508,141,87,120,2025-10-20,3,NS,next_next,13,"2025-09-28 01:29:04"
168,3,V3,2508,141,87,120,2025-10-28,9,NS,next_next,19,"2025-09-28 01:29:04"
169,3,V3,2508,141,87,120,2025-10-29,9,NS,next_next,20,"2025-09-28 01:29:04"
170,4,V3,2508,880,1336,1392,2025-08-01,56,N,first,1,"2025-09-28 01:29:04"
171,4,V3,2508,880,1336,1392,2025-08-04,40,N,first,2,"2025-09-28 01:29:04"
172,4,V3,2508,880,1336,1392,2025-08-05,56,N,first,3,"2025-09-28 01:29:04"
173,4,V3,2508,880,1336,1392,2025-08-06,56,N,first,4,"2025-09-28 01:29:04"
174,4,V3,2508,880,1336,1392,2025-08-07,48,N,first,5,"2025-09-28 01:29:04"
175,4,V3,2508,880,1336,1392,2025-08-08,64,N,first,6,"2025-09-28 01:29:04"
176,4,V3,2508,880,1336,1392,2025-08-18,40,N,first,7,"2025-09-28 01:29:04"
177,4,V3,2508,880,1336,1392,2025-08-19,64,N,first,8,"2025-09-28 01:29:04"
178,4,V3,2508,880,1336,1392,2025-08-20,48,N,first,9,"2025-09-28 01:29:04"
179,4,V3,2508,880,1336,1392,2025-08-21,48,N,first,10,"2025-09-28 01:29:04"
180,4,V3,2508,880,1336,1392,2025-08-22,48,N,first,11,"2025-09-28 01:29:04"
181,4,V3,2508,880,1336,1392,2025-08-25,48,N,first,12,"2025-09-28 01:29:04"
182,4,V3,2508,880,1336,1392,2025-08-26,64,N,first,13,"2025-09-28 01:29:04"
183,4,V3,2508,880,1336,1392,2025-08-27,72,N,first,14,"2025-09-28 01:29:04"
184,4,V3,2508,880,1336,1392,2025-08-28,56,N,first,15,"2025-09-28 01:29:04"
185,4,V3,2508,880,1336,1392,2025-08-29,72,N,first,16,"2025-09-28 01:29:04"
192,4,V3,2508,880,1336,1392,2025-09-09,64,N,next,7,"2025-09-28 01:29:04"
227,5,V3,2508,858,1335,1407,2025-08-01,45,NS,first,1,"2025-09-28 01:29:04"
228,5,V3,2508,858,1335,1407,2025-08-04,54,NS,first,2,"2025-09-28 01:29:04"
229,5,V3,2508,858,1335,1407,2025-08-05,48,NS,first,3,"2025-09-28 01:29:04"
230,5,V3,2508,858,1335,1407,2025-08-06,51,NS,first,4,"2025-09-28 01:29:04"
231,5,V3,2508,858,1335,1407,2025-08-07,60,NS,first,5,"2025-09-28 01:29:04"
232,5,V3,2508,858,1335,1407,2025-08-08,48,NS,first,6,"2025-09-28 01:29:04"
233,5,V3,2508,858,1335,1407,2025-08-18,60,NS,first,7,"2025-09-28 01:29:04"
234,5,V3,2508,858,1335,1407,2025-08-19,45,NS,first,8,"2025-09-28 01:29:04"
235,5,V3,2508,858,1335,1407,2025-08-20,60,NS,first,9,"2025-09-28 01:29:04"
236,5,V3,2508,858,1335,1407,2025-08-21,51,NS,first,10,"2025-09-28 01:29:04"
237,5,V3,2508,858,1335,1407,2025-08-22,45,NS,first,11,"2025-09-28 01:29:04"
238,5,V3,2508,858,1335,1407,2025-08-25,51,NS,first,12,"2025-09-28 01:29:04"
239,5,V3,2508,858,1335,1407,2025-08-26,48,NS,first,13,"2025-09-28 01:29:04"
240,5,V3,2508,858,1335,1407,2025-08-27,66,NS,first,14,"2025-09-28 01:29:04"
241,5,V3,2508,858,1335,1407,2025-08-28,69,NS,first,15,"2025-09-28 01:29:04"
242,5,V3,2508,858,1335,1407,2025-08-29,57,NS,first,16,"2025-09-28 01:29:04"
249,5,V3,2508,858,1335,1407,2025-09-09,75,NS,next,7,"2025-09-28 01:29:04"
284,6,V3,2508,42,48,66,2025-08-01,6,NS,first,1,"2025-09-28 01:29:04"
285,6,V3,2508,42,48,66,2025-08-08,3,NS,first,2,"2025-09-28 01:29:04"
286,6,V3,2508,42,48,66,2025-08-18,3,NS,first,3,"2025-09-28 01:29:04"
287,6,V3,2508,42,48,66,2025-08-19,3,NS,first,4,"2025-09-28 01:29:04"
288,6,V3,2508,42,48,66,2025-08-20,6,NS,first,5,"2025-09-28 01:29:04"
289,6,V3,2508,42,48,66,2025-08-21,3,NS,first,6,"2025-09-28 01:29:04"
290,6,V3,2508,42,48,66,2025-08-26,6,NS,first,7,"2025-09-28 01:29:04"
291,6,V3,2508,42,48,66,2025-08-27,6,NS,first,8,"2025-09-28 01:29:04"
292,6,V3,2508,42,48,66,2025-08-28,3,NS,first,9,"2025-09-28 01:29:04"
293,6,V3,2508,42,48,66,2025-08-29,3,NS,first,10,"2025-09-28 01:29:04"
295,6,V3,2508,42,48,66,2025-09-02,3,NS,next,2,"2025-09-28 01:29:04"
297,6,V3,2508,42,48,66,2025-09-05,3,NS,next,4,"2025-09-28 01:29:04"
301,6,V3,2508,42,48,66,2025-09-12,3,NS,next,8,"2025-09-28 01:29:04"
304,6,V3,2508,42,48,66,2025-09-22,3,NS,next,11,"2025-09-28 01:29:04"
306,6,V3,2508,42,48,66,2025-09-26,3,NS,next,13,"2025-09-28 01:29:04"
307,6,V3,2508,42,48,66,2025-09-29,3,NS,next,14,"2025-09-28 01:29:04"
308,6,V3,2508,42,48,66,2025-09-30,3,NS,next,15,"2025-09-28 01:29:04"
309,6,V3,2508,42,48,66,2025-10-01,3,NS,next_next,1,"2025-09-28 01:29:04"
310,6,V3,2508,42,48,66,2025-10-02,3,NS,next_next,2,"2025-09-28 01:29:04"
311,6,V3,2508,42,48,66,2025-10-03,3,NS,next_next,3,"2025-09-28 01:29:04"
312,6,V3,2508,42,48,66,2025-10-06,3,NS,next_next,4,"2025-09-28 01:29:04"
313,6,V3,2508,42,48,66,2025-10-07,3,NS,next_next,5,"2025-09-28 01:29:04"
314,6,V3,2508,42,48,66,2025-10-08,3,NS,next_next,6,"2025-09-28 01:29:04"
315,6,V3,2508,42,48,66,2025-10-09,3,NS,next_next,7,"2025-09-28 01:29:04"
316,6,V3,2508,42,48,66,2025-10-14,6,NS,next_next,8,"2025-09-28 01:29:04"
317,6,V3,2508,42,48,66,2025-10-16,3,NS,next_next,9,"2025-09-28 01:29:04"
318,6,V3,2508,42,48,66,2025-10-17,3,NS,next_next,10,"2025-09-28 01:29:04"
319,6,V3,2508,42,48,66,2025-10-21,3,NS,next_next,11,"2025-09-28 01:29:04"
320,6,V3,2508,42,48,66,2025-10-22,3,NS,next_next,12,"2025-09-28 01:29:04"
321,6,V3,2508,42,48,66,2025-10-23,3,NS,next_next,13,"2025-09-28 01:29:04"
322,6,V3,2508,42,48,66,2025-10-27,3,NS,next_next,14,"2025-09-28 01:29:04"
323,6,V3,2508,42,48,66,2025-10-28,6,NS,next_next,15,"2025-09-28 01:29:04"
324,6,V3,2508,42,48,66,2025-10-29,3,NS,next_next,16,"2025-09-28 01:29:04"
325,7,V3,2508,608,1056,1088,2025-08-01,48,N,first,1,"2025-09-28 01:29:04"
326,7,V3,2508,608,1056,1088,2025-08-06,8,N,first,2,"2025-09-28 01:29:04"
327,7,V3,2508,608,1056,1088,2025-08-07,40,N,first,3,"2025-09-28 01:29:04"
328,7,V3,2508,608,1056,1088,2025-08-08,56,N,first,4,"2025-09-28 01:29:04"
329,7,V3,2508,608,1056,1088,2025-08-18,40,N,first,5,"2025-09-28 01:29:04"
330,7,V3,2508,608,1056,1088,2025-08-19,48,N,first,6,"2025-09-28 01:29:04"
331,7,V3,2508,608,1056,1088,2025-08-20,40,N,first,7,"2025-09-28 01:29:04"
332,7,V3,2508,608,1056,1088,2025-08-21,40,N,first,8,"2025-09-28 01:29:04"
333,7,V3,2508,608,1056,1088,2025-08-22,48,N,first,9,"2025-09-28 01:29:04"
334,7,V3,2508,608,1056,1088,2025-08-25,48,N,first,10,"2025-09-28 01:29:04"
335,7,V3,2508,608,1056,1088,2025-08-26,48,N,first,11,"2025-09-28 01:29:04"
336,7,V3,2508,608,1056,1088,2025-08-27,56,N,first,12,"2025-09-28 01:29:04"
337,7,V3,2508,608,1056,1088,2025-08-28,40,N,first,13,"2025-09-28 01:29:04"
338,7,V3,2508,608,1056,1088,2025-08-29,48,N,first,14,"2025-09-28 01:29:04"
345,7,V3,2508,608,1056,1088,2025-09-09,56,N,next,7,"2025-09-28 01:29:04"
357,7,V3,2508,608,1056,1088,2025-09-26,48,N,next,19,"2025-09-28 01:29:04"
358,7,V3,2508,608,1056,1088,2025-09-29,32,N,next,20,"2025-09-28 01:29:04"
359,7,V3,2508,608,1056,1088,2025-09-30,56,N,next,21,"2025-09-28 01:29:04"
360,7,V3,2508,608,1056,1088,2025-10-01,64,N,next_next,1,"2025-09-28 01:29:04"
361,7,V3,2508,608,1056,1088,2025-10-02,56,N,next_next,2,"2025-09-28 01:29:04"
362,7,V3,2508,608,1056,1088,2025-10-03,64,N,next_next,3,"2025-09-28 01:29:04"
363,7,V3,2508,608,1056,1088,2025-10-06,56,N,next_next,4,"2025-09-28 01:29:04"
364,7,V3,2508,608,1056,1088,2025-10-07,56,N,next_next,5,"2025-09-28 01:29:04"
365,7,V3,2508,608,1056,1088,2025-10-08,40,N,next_next,6,"2025-09-28 01:29:04"
366,7,V3,2508,608,1056,1088,2025-10-09,56,N,next_next,7,"2025-09-28 01:29:04"
367,7,V3,2508,608,1056,1088,2025-10-10,40,N,next_next,8,"2025-09-28 01:29:04"
368,7,V3,2508,608,1056,1088,2025-10-14,56,N,next_next,9,"2025-09-28 01:29:04"
369,7,V3,2508,608,1056,1088,2025-10-15,56,N,next_next,10,"2025-09-28 01:29:04"
370,7,V3,2508,608,1056,1088,2025-10-16,48,N,next_next,11,"2025-09-28 01:29:04"
371,7,V3,2508,608,1056,1088,2025-10-17,32,N,next_next,12,"2025-09-28 01:29:04"
372,7,V3,2508,608,1056,1088,2025-10-20,32,N,next_next,13,"2025-09-28 01:29:04"
373,7,V3,2508,608,1056,1088,2025-10-21,56,N,next_next,14,"2025-09-28 01:29:04"
374,7,V3,2508,608,1056,1088,2025-10-22,56,N,next_next,15,"2025-09-28 01:29:04"
375,7,V3,2508,608,1056,1088,2025-10-23,40,N,next_next,16,"2025-09-28 01:29:04"
376,7,V3,2508,608,1056,1088,2025-10-24,40,N,next_next,17,"2025-09-28 01:29:04"
377,7,V3,2508,608,1056,1088,2025-10-27,48,N,next_next,18,"2025-09-28 01:29:04"
378,7,V3,2508,608,1056,1088,2025-10-28,56,N,next_next,19,"2025-09-28 01:29:04"
379,7,V3,2508,608,1056,1088,2025-10-29,40,N,next_next,20,"2025-09-28 01:29:04"
380,8,V3,2508,600,1050,1100,2025-08-01,39,NS,first,1,"2025-09-28 01:29:04"
381,8,V3,2508,600,1050,1100,2025-08-06,6,NS,first,2,"2025-09-28 01:29:04"
382,8,V3,2508,600,1050,1100,2025-08-07,54,NS,first,3,"2025-09-28 01:29:04"
383,8,V3,2508,600,1050,1100,2025-08-08,39,NS,first,4,"2025-09-28 01:29:04"
384,8,V3,2508,600,1050,1100,2025-08-18,54,NS,first,5,"2025-09-28 01:29:04"
385,8,V3,2508,600,1050,1100,2025-08-19,39,NS,first,6,"2025-09-28 01:29:04"
386,8,V3,2508,600,1050,1100,2025-08-20,51,NS,first,7,"2025-09-28 01:29:04"
387,8,V3,2508,600,1050,1100,2025-08-21,42,NS,first,8,"2025-09-28 01:29:04"
388,8,V3,2508,600,1050,1100,2025-08-22,42,NS,first,9,"2025-09-28 01:29:04"
389,8,V3,2508,600,1050,1100,2025-08-25,45,NS,first,10,"2025-09-28 01:29:04"
390,8,V3,2508,600,1050,1100,2025-08-26,45,NS,first,11,"2025-09-28 01:29:04"
391,8,V3,2508,600,1050,1100,2025-08-27,51,NS,first,12,"2025-09-28 01:29:04"
392,8,V3,2508,600,1050,1100,2025-08-28,54,NS,first,13,"2025-09-28 01:29:04"
393,8,V3,2508,600,1050,1100,2025-08-29,39,NS,first,14,"2025-09-28 01:29:04"
400,8,V3,2508,600,1050,1100,2025-09-09,60,NS,next,7,"2025-09-28 01:29:04"
413,8,V3,2508,600,1050,1100,2025-09-29,45,NS,next,20,"2025-09-28 01:29:04"
414,8,V3,2508,600,1050,1100,2025-09-30,36,NS,next,21,"2025-09-28 01:29:04"
415,8,V3,2508,600,1050,1100,2025-10-01,60,NS,next_next,1,"2025-09-28 01:29:04"
416,8,V3,2508,600,1050,1100,2025-10-02,57,NS,next_next,2,"2025-09-28 01:29:04"
417,8,V3,2508,600,1050,1100,2025-10-03,60,NS,next_next,3,"2025-09-28 01:29:04"
418,8,V3,2508,600,1050,1100,2025-10-06,60,NS,next_next,4,"2025-09-28 01:29:04"
419,8,V3,2508,600,1050,1100,2025-10-07,60,NS,next_next,5,"2025-09-28 01:29:04"
420,8,V3,2508,600,1050,1100,2025-10-08,51,NS,next_next,6,"2025-09-28 01:29:04"
421,8,V3,2508,600,1050,1100,2025-10-09,45,NS,next_next,7,"2025-09-28 01:29:04"
422,8,V3,2508,600,1050,1100,2025-10-10,57,NS,next_next,8,"2025-09-28 01:29:04"
423,8,V3,2508,600,1050,1100,2025-10-14,42,NS,next_next,9,"2025-09-28 01:29:04"
424,8,V3,2508,600,1050,1100,2025-10-15,54,NS,next_next,10,"2025-09-28 01:29:04"
425,8,V3,2508,600,1050,1100,2025-10-16,54,NS,next_next,11,"2025-09-28 01:29:04"
426,8,V3,2508,600,1050,1100,2025-10-17,45,NS,next_next,12,"2025-09-28 01:29:04"
427,8,V3,2508,600,1050,1100,2025-10-20,33,NS,next_next,13,"2025-09-28 01:29:04"
428,8,V3,2508,600,1050,1100,2025-10-21,33,NS,next_next,14,"2025-09-28 01:29:04"
429,8,V3,2508,600,1050,1100,2025-10-22,54,NS,next_next,15,"2025-09-28 01:29:04"
430,8,V3,2508,600,1050,1100,2025-10-23,57,NS,next_next,16,"2025-09-28 01:29:04"
431,8,V3,2508,600,1050,1100,2025-10-24,42,NS,next_next,17,"2025-09-28 01:29:04"
432,8,V3,2508,600,1050,1100,2025-10-27,45,NS,next_next,18,"2025-09-28 01:29:04"
433,8,V3,2508,600,1050,1100,2025-10-28,42,NS,next_next,19,"2025-09-28 01:29:04"
434,8,V3,2508,600,1050,1100,2025-10-29,54,NS,next_next,20,"2025-09-28 01:29:04"
435,1,V3,2509,1248,1328,1000,2025-09-01,72,N,first,1,"2025-09-28 01:29:10"
436,1,V3,2509,1248,1328,1000,2025-09-02,80,N,first,2,"2025-09-28 01:29:10"
437,1,V3,2509,1248,1328,1000,2025-09-03,80,N,first,3,"2025-09-28 01:29:10"
438,1,V3,2509,1248,1328,1000,2025-09-04,56,N,first,4,"2025-09-28 01:29:10"
439,1,V3,2509,1248,1328,1000,2025-09-05,96,N,first,5,"2025-09-28 01:29:10"
440,1,V3,2509,1248,1328,1000,2025-09-08,64,N,first,6,"2025-09-28 01:29:10"
441,1,V3,2509,1248,1328,1000,2025-09-10,8,N,first,7,"2025-09-28 01:29:10"
442,1,V3,2509,1248,1328,1000,2025-09-11,56,N,first,8,"2025-09-28 01:29:10"
443,1,V3,2509,1248,1328,1000,2025-09-12,56,N,first,9,"2025-09-28 01:29:10"
444,1,V3,2509,1248,1328,1000,2025-09-16,72,N,first,10,"2025-09-28 01:29:10"
445,1,V3,2509,1248,1328,1000,2025-09-17,56,N,first,11,"2025-09-28 01:29:10"
446,1,V3,2509,1248,1328,1000,2025-09-18,72,N,first,12,"2025-09-28 01:29:10"
447,1,V3,2509,1248,1328,1000,2025-09-19,48,N,first,13,"2025-09-28 01:29:10"
448,1,V3,2509,1248,1328,1000,2025-09-22,56,N,first,14,"2025-09-28 01:29:10"
449,1,V3,2509,1248,1328,1000,2025-09-23,56,N,first,15,"2025-09-28 01:29:10"
450,1,V3,2509,1248,1328,1000,2025-09-24,56,N,first,16,"2025-09-28 01:29:10"
451,1,V3,2509,1248,1328,1000,2025-09-25,72,N,first,17,"2025-09-28 01:29:10"
452,1,V3,2509,1248,1328,1000,2025-09-26,48,N,first,18,"2025-09-28 01:29:10"
453,1,V3,2509,1248,1328,1000,2025-09-29,72,N,first,19,"2025-09-28 01:29:10"
454,1,V3,2509,1248,1328,1000,2025-09-30,72,N,first,20,"2025-09-28 01:29:10"
455,1,V3,2509,1248,1328,1000,2025-10-01,56,N,next,1,"2025-09-28 01:29:10"
456,1,V3,2509,1248,1328,1000,2025-10-02,72,N,next,2,"2025-09-28 01:29:10"
457,1,V3,2509,1248,1328,1000,2025-10-03,56,N,next,3,"2025-09-28 01:29:10"
458,1,V3,2509,1248,1328,1000,2025-10-06,72,N,next,4,"2025-09-28 01:29:10"
459,1,V3,2509,1248,1328,1000,2025-10-07,64,N,next,5,"2025-09-28 01:29:10"
460,1,V3,2509,1248,1328,1000,2025-10-08,56,N,next,6,"2025-09-28 01:29:10"
461,1,V3,2509,1248,1328,1000,2025-10-09,56,N,next,7,"2025-09-28 01:29:10"
462,1,V3,2509,1248,1328,1000,2025-10-10,72,N,next,8,"2025-09-28 01:29:10"
463,1,V3,2509,1248,1328,1000,2025-10-14,48,N,next,9,"2025-09-28 01:29:10"
464,1,V3,2509,1248,1328,1000,2025-10-15,56,N,next,10,"2025-09-28 01:29:10"
465,1,V3,2509,1248,1328,1000,2025-10-16,56,N,next,11,"2025-09-28 01:29:10"
466,1,V3,2509,1248,1328,1000,2025-10-17,48,N,next,12,"2025-09-28 01:29:10"
467,1,V3,2509,1248,1328,1000,2025-10-20,72,N,next,13,"2025-09-28 01:29:10"
468,1,V3,2509,1248,1328,1000,2025-10-21,72,N,next,14,"2025-09-28 01:29:10"
469,1,V3,2509,1248,1328,1000,2025-10-22,56,N,next,15,"2025-09-28 01:29:10"
470,1,V3,2509,1248,1328,1000,2025-10-23,72,N,next,16,"2025-09-28 01:29:10"
471,1,V3,2509,1248,1328,1000,2025-10-24,64,N,next,17,"2025-09-28 01:29:10"
472,1,V3,2509,1248,1328,1000,2025-10-27,48,N,next,18,"2025-09-28 01:29:10"
473,1,V3,2509,1248,1328,1000,2025-10-28,64,N,next,19,"2025-09-28 01:29:10"
474,1,V3,2509,1248,1328,1000,2025-10-29,56,N,next,20,"2025-09-28 01:29:10"
475,1,V3,2509,1248,1328,1000,2025-10-30,56,N,next,21,"2025-09-28 01:29:10"
476,1,V3,2509,1248,1328,1000,2025-10-31,56,N,next_next,1,"2025-09-28 01:29:10"
477,1,V3,2509,1248,1328,1000,2025-11-04,64,N,next_next,2,"2025-09-28 01:29:10"
478,1,V3,2509,1248,1328,1000,2025-11-05,56,N,next_next,3,"2025-09-28 01:29:10"
479,1,V3,2509,1248,1328,1000,2025-11-06,56,N,next_next,4,"2025-09-28 01:29:10"
480,1,V3,2509,1248,1328,1000,2025-11-07,56,N,next_next,5,"2025-09-28 01:29:10"
481,1,V3,2509,1248,1328,1000,2025-11-10,56,N,next_next,6,"2025-09-28 01:29:10"
482,1,V3,2509,1248,1328,1000,2025-11-11,56,N,next_next,7,"2025-09-28 01:29:10"
483,1,V3,2509,1248,1328,1000,2025-11-12,64,N,next_next,8,"2025-09-28 01:29:10"
484,1,V3,2509,1248,1328,1000,2025-11-13,64,N,next_next,9,"2025-09-28 01:29:10"
485,1,V3,2509,1248,1328,1000,2025-11-14,56,N,next_next,10,"2025-09-28 01:29:10"
486,1,V3,2509,1248,1328,1000,2025-11-17,72,N,next_next,11,"2025-09-28 01:29:10"
487,1,V3,2509,1248,1328,1000,2025-11-18,64,N,next_next,12,"2025-09-28 01:29:10"
488,1,V3,2509,1248,1328,1000,2025-11-19,80,N,next_next,13,"2025-09-28 01:29:10"
489,1,V3,2509,1248,1328,1000,2025-11-21,24,N,next_next,14,"2025-09-28 01:29:10"
490,1,V3,2509,1248,1328,1000,2025-11-24,56,N,next_next,15,"2025-09-28 01:29:10"
491,1,V3,2509,1248,1328,1000,2025-11-25,64,N,next_next,16,"2025-09-28 01:29:10"
492,1,V3,2509,1248,1328,1000,2025-11-26,56,N,next_next,17,"2025-09-28 01:29:10"
493,1,V3,2509,1248,1328,1000,2025-11-27,56,N,next_next,18,"2025-09-28 01:29:10"
494,2,V3,2509,1254,1329,996,2025-09-01,78,N,first,1,"2025-09-28 01:29:10"
495,2,V3,2509,1254,1329,996,2025-09-02,78,N,first,2,"2025-09-28 01:29:10"
496,2,V3,2509,1254,1329,996,2025-09-03,75,N,first,3,"2025-09-28 01:29:10"
497,2,V3,2509,1254,1329,996,2025-09-04,63,N,first,4,"2025-09-28 01:29:10"
498,2,V3,2509,1254,1329,996,2025-09-05,93,N,first,5,"2025-09-28 01:29:10"
499,2,V3,2509,1254,1329,996,2025-09-08,63,N,first,6,"2025-09-28 01:29:10"
500,2,V3,2509,1254,1329,996,2025-09-10,9,N,first,7,"2025-09-28 01:29:10"
501,2,V3,2509,1254,1329,996,2025-09-11,54,N,first,8,"2025-09-28 01:29:10"
502,2,V3,2509,1254,1329,996,2025-09-12,57,N,first,9,"2025-09-28 01:29:10"
503,2,V3,2509,1254,1329,996,2025-09-16,69,N,first,10,"2025-09-28 01:29:10"
504,2,V3,2509,1254,1329,996,2025-09-17,57,N,first,11,"2025-09-28 01:29:10"
505,2,V3,2509,1254,1329,996,2025-09-18,72,N,first,12,"2025-09-28 01:29:10"
506,2,V3,2509,1254,1329,996,2025-09-19,54,N,first,13,"2025-09-28 01:29:10"
507,2,V3,2509,1254,1329,996,2025-09-22,57,N,first,14,"2025-09-28 01:29:10"
508,2,V3,2509,1254,1329,996,2025-09-23,57,N,first,15,"2025-09-28 01:29:10"
509,2,V3,2509,1254,1329,996,2025-09-24,54,N,first,16,"2025-09-28 01:29:10"
510,2,V3,2509,1254,1329,996,2025-09-25,72,N,first,17,"2025-09-28 01:29:10"
511,2,V3,2509,1254,1329,996,2025-09-26,48,N,first,18,"2025-09-28 01:29:10"
512,2,V3,2509,1254,1329,996,2025-09-29,72,N,first,19,"2025-09-28 01:29:10"
513,2,V3,2509,1254,1329,996,2025-09-30,72,N,first,20,"2025-09-28 01:29:10"
514,2,V3,2509,1254,1329,996,2025-10-01,57,N,next,1,"2025-09-28 01:29:10"
515,2,V3,2509,1254,1329,996,2025-10-02,72,N,next,2,"2025-09-28 01:29:10"
516,2,V3,2509,1254,1329,996,2025-10-03,57,N,next,3,"2025-09-28 01:29:10"
517,2,V3,2509,1254,1329,996,2025-10-06,72,N,next,4,"2025-09-28 01:29:10"
518,2,V3,2509,1254,1329,996,2025-10-07,57,N,next,5,"2025-09-28 01:29:10"
519,2,V3,2509,1254,1329,996,2025-10-08,60,N,next,6,"2025-09-28 01:29:10"
520,2,V3,2509,1254,1329,996,2025-10-09,57,N,next,7,"2025-09-28 01:29:10"
521,2,V3,2509,1254,1329,996,2025-10-10,72,N,next,8,"2025-09-28 01:29:10"
522,2,V3,2509,1254,1329,996,2025-10-14,42,N,next,9,"2025-09-28 01:29:10"
523,2,V3,2509,1254,1329,996,2025-10-15,57,N,next,10,"2025-09-28 01:29:10"
524,2,V3,2509,1254,1329,996,2025-10-16,57,N,next,11,"2025-09-28 01:29:10"
525,2,V3,2509,1254,1329,996,2025-10-17,51,N,next,12,"2025-09-28 01:29:10"
526,2,V3,2509,1254,1329,996,2025-10-20,72,N,next,13,"2025-09-28 01:29:10"
527,2,V3,2509,1254,1329,996,2025-10-21,72,N,next,14,"2025-09-28 01:29:10"
528,2,V3,2509,1254,1329,996,2025-10-22,57,N,next,15,"2025-09-28 01:29:10"
529,2,V3,2509,1254,1329,996,2025-10-23,72,N,next,16,"2025-09-28 01:29:10"
530,2,V3,2509,1254,1329,996,2025-10-24,57,N,next,17,"2025-09-28 01:29:10"
531,2,V3,2509,1254,1329,996,2025-10-27,57,N,next,18,"2025-09-28 01:29:10"
532,2,V3,2509,1254,1329,996,2025-10-28,57,N,next,19,"2025-09-28 01:29:10"
533,2,V3,2509,1254,1329,996,2025-10-29,57,N,next,20,"2025-09-28 01:29:10"
534,2,V3,2509,1254,1329,996,2025-10-30,57,N,next,21,"2025-09-28 01:29:10"
535,2,V3,2509,1254,1329,996,2025-10-31,60,N,next_next,1,"2025-09-28 01:29:10"
536,2,V3,2509,1254,1329,996,2025-11-04,57,N,next_next,2,"2025-09-28 01:29:10"
537,2,V3,2509,1254,1329,996,2025-11-05,57,N,next_next,3,"2025-09-28 01:29:10"
538,2,V3,2509,1254,1329,996,2025-11-06,57,N,next_next,4,"2025-09-28 01:29:10"
539,2,V3,2509,1254,1329,996,2025-11-07,57,N,next_next,5,"2025-09-28 01:29:10"
540,2,V3,2509,1254,1329,996,2025-11-10,57,N,next_next,6,"2025-09-28 01:29:10"
541,2,V3,2509,1254,1329,996,2025-11-11,60,N,next_next,7,"2025-09-28 01:29:10"
542,2,V3,2509,1254,1329,996,2025-11-12,57,N,next_next,8,"2025-09-28 01:29:10"
543,2,V3,2509,1254,1329,996,2025-11-13,66,N,next_next,9,"2025-09-28 01:29:10"
544,2,V3,2509,1254,1329,996,2025-11-14,60,N,next_next,10,"2025-09-28 01:29:10"
545,2,V3,2509,1254,1329,996,2025-11-17,66,N,next_next,11,"2025-09-28 01:29:10"
546,2,V3,2509,1254,1329,996,2025-11-18,66,N,next_next,12,"2025-09-28 01:29:10"
547,2,V3,2509,1254,1329,996,2025-11-19,78,N,next_next,13,"2025-09-28 01:29:10"
548,2,V3,2509,1254,1329,996,2025-11-21,27,N,next_next,14,"2025-09-28 01:29:10"
549,2,V3,2509,1254,1329,996,2025-11-24,60,N,next_next,15,"2025-09-28 01:29:10"
550,2,V3,2509,1254,1329,996,2025-11-25,57,N,next_next,16,"2025-09-28 01:29:10"
551,2,V3,2509,1254,1329,996,2025-11-26,57,N,next_next,17,"2025-09-28 01:29:10"
552,2,V3,2509,1254,1329,996,2025-11-27,57,N,next_next,18,"2025-09-28 01:29:10"
553,3,V3,2509,78,48,45,2025-09-01,3,NS,first,1,"2025-09-28 01:29:10"
554,3,V3,2509,78,48,45,2025-09-02,3,NS,first,2,"2025-09-28 01:29:10"
555,3,V3,2509,78,48,45,2025-09-03,6,NS,first,3,"2025-09-28 01:29:10"
556,3,V3,2509,78,48,45,2025-09-04,3,NS,first,4,"2025-09-28 01:29:10"
557,3,V3,2509,78,48,45,2025-09-05,6,NS,first,5,"2025-09-28 01:29:10"
558,3,V3,2509,78,48,45,2025-09-08,6,NS,first,6,"2025-09-28 01:29:10"
559,3,V3,2509,78,48,45,2025-09-09,3,NS,first,7,"2025-09-28 01:29:10"
560,3,V3,2509,78,48,45,2025-09-10,3,NS,first,8,"2025-09-28 01:29:10"
561,3,V3,2509,78,48,45,2025-09-11,3,NS,first,9,"2025-09-28 01:29:10"
562,3,V3,2509,78,48,45,2025-09-12,3,NS,first,10,"2025-09-28 01:29:10"
563,3,V3,2509,78,48,45,2025-09-16,3,NS,first,11,"2025-09-28 01:29:10"
564,3,V3,2509,78,48,45,2025-09-17,6,NS,first,12,"2025-09-28 01:29:10"
565,3,V3,2509,78,48,45,2025-09-18,6,NS,first,13,"2025-09-28 01:29:10"
566,3,V3,2509,78,48,45,2025-09-19,3,NS,first,14,"2025-09-28 01:29:10"
567,3,V3,2509,78,48,45,2025-09-22,6,NS,first,15,"2025-09-28 01:29:10"
568,3,V3,2509,78,48,45,2025-09-23,6,NS,first,16,"2025-09-28 01:29:10"
569,3,V3,2509,78,48,45,2025-09-24,6,NS,first,17,"2025-09-28 01:29:10"
570,3,V3,2509,78,48,45,2025-09-30,3,NS,first,18,"2025-09-28 01:29:10"
571,3,V3,2509,78,48,45,2025-10-02,3,NS,next,1,"2025-09-28 01:29:10"
572,3,V3,2509,78,48,45,2025-10-03,3,NS,next,2,"2025-09-28 01:29:10"
573,3,V3,2509,78,48,45,2025-10-06,3,NS,next,3,"2025-09-28 01:29:10"
574,3,V3,2509,78,48,45,2025-10-07,3,NS,next,4,"2025-09-28 01:29:10"
575,3,V3,2509,78,48,45,2025-10-08,3,NS,next,5,"2025-09-28 01:29:10"
576,3,V3,2509,78,48,45,2025-10-10,3,NS,next,6,"2025-09-28 01:29:10"
577,3,V3,2509,78,48,45,2025-10-14,3,NS,next,7,"2025-09-28 01:29:10"
578,3,V3,2509,78,48,45,2025-10-17,3,NS,next,8,"2025-09-28 01:29:10"
579,3,V3,2509,78,48,45,2025-10-21,3,NS,next,9,"2025-09-28 01:29:10"
580,3,V3,2509,78,48,45,2025-10-22,3,NS,next,10,"2025-09-28 01:29:10"
581,3,V3,2509,78,48,45,2025-10-23,3,NS,next,11,"2025-09-28 01:29:10"
582,3,V3,2509,78,48,45,2025-10-24,6,NS,next,12,"2025-09-28 01:29:10"
583,3,V3,2509,78,48,45,2025-10-27,6,NS,next,13,"2025-09-28 01:29:10"
584,3,V3,2509,78,48,45,2025-10-30,3,NS,next,14,"2025-09-28 01:29:10"
585,3,V3,2509,78,48,45,2025-11-04,3,NS,next_next,1,"2025-09-28 01:29:10"
586,3,V3,2509,78,48,45,2025-11-06,3,NS,next_next,2,"2025-09-28 01:29:10"
587,3,V3,2509,78,48,45,2025-11-07,3,NS,next_next,3,"2025-09-28 01:29:10"
588,3,V3,2509,78,48,45,2025-11-11,3,NS,next_next,4,"2025-09-28 01:29:10"
589,3,V3,2509,78,48,45,2025-11-12,3,NS,next_next,5,"2025-09-28 01:29:10"
590,3,V3,2509,78,48,45,2025-11-13,3,NS,next_next,6,"2025-09-28 01:29:10"
591,3,V3,2509,78,48,45,2025-11-14,3,NS,next_next,7,"2025-09-28 01:29:10"
592,3,V3,2509,78,48,45,2025-11-18,3,NS,next_next,8,"2025-09-28 01:29:10"
593,3,V3,2509,78,48,45,2025-11-19,6,NS,next_next,9,"2025-09-28 01:29:10"
594,3,V3,2509,78,48,45,2025-11-20,9,NS,next_next,10,"2025-09-28 01:29:10"
595,3,V3,2509,78,48,45,2025-11-25,3,NS,next_next,11,"2025-09-28 01:29:10"
596,3,V3,2509,78,48,45,2025-11-27,3,NS,next_next,12,"2025-09-28 01:29:10"
597,4,V3,2509,1176,1312,976,2025-09-01,56,N,first,1,"2025-09-28 01:29:10"
598,4,V3,2509,1176,1312,976,2025-09-02,72,N,first,2,"2025-09-28 01:29:10"
599,4,V3,2509,1176,1312,976,2025-09-03,72,N,first,3,"2025-09-28 01:29:10"
600,4,V3,2509,1176,1312,976,2025-09-04,40,N,first,4,"2025-09-28 01:29:10"
601,4,V3,2509,1176,1312,976,2025-09-05,88,N,first,5,"2025-09-28 01:29:10"
602,4,V3,2509,1176,1312,976,2025-09-08,80,N,first,6,"2025-09-28 01:29:10"
603,4,V3,2509,1176,1312,976,2025-09-10,8,N,first,7,"2025-09-28 01:29:10"
604,4,V3,2509,1176,1312,976,2025-09-11,72,N,first,8,"2025-09-28 01:29:10"
605,4,V3,2509,1176,1312,976,2025-09-12,48,N,first,9,"2025-09-28 01:29:10"
606,4,V3,2509,1176,1312,976,2025-09-16,56,N,first,10,"2025-09-28 01:29:10"
607,4,V3,2509,1176,1312,976,2025-09-17,64,N,first,11,"2025-09-28 01:29:10"
608,4,V3,2509,1176,1312,976,2025-09-18,56,N,first,12,"2025-09-28 01:29:10"
609,4,V3,2509,1176,1312,976,2025-09-19,64,N,first,13,"2025-09-28 01:29:10"
610,4,V3,2509,1176,1312,976,2025-09-22,48,N,first,14,"2025-09-28 01:29:10"
611,4,V3,2509,1176,1312,976,2025-09-23,56,N,first,15,"2025-09-28 01:29:10"
612,4,V3,2509,1176,1312,976,2025-09-24,48,N,first,16,"2025-09-28 01:29:10"
613,4,V3,2509,1176,1312,976,2025-09-25,56,N,first,17,"2025-09-28 01:29:10"
614,4,V3,2509,1176,1312,976,2025-09-26,72,N,first,18,"2025-09-28 01:29:10"
615,4,V3,2509,1176,1312,976,2025-09-29,48,N,first,19,"2025-09-28 01:29:10"
616,4,V3,2509,1176,1312,976,2025-09-30,72,N,first,20,"2025-09-28 01:29:10"
617,4,V3,2509,1176,1312,976,2025-10-01,72,N,next,1,"2025-09-28 01:29:10"
618,4,V3,2509,1176,1312,976,2025-10-02,48,N,next,2,"2025-09-28 01:29:10"
619,4,V3,2509,1176,1312,976,2025-10-03,72,N,next,3,"2025-09-28 01:29:10"
620,4,V3,2509,1176,1312,976,2025-10-06,56,N,next,4,"2025-09-28 01:29:10"
621,4,V3,2509,1176,1312,976,2025-10-07,72,N,next,5,"2025-09-28 01:29:10"
622,4,V3,2509,1176,1312,976,2025-10-08,56,N,next,6,"2025-09-28 01:29:10"
623,4,V3,2509,1176,1312,976,2025-10-09,56,N,next,7,"2025-09-28 01:29:10"
624,4,V3,2509,1176,1312,976,2025-10-10,56,N,next,8,"2025-09-28 01:29:10"
625,4,V3,2509,1176,1312,976,2025-10-14,72,N,next,9,"2025-09-28 01:29:10"
626,4,V3,2509,1176,1312,976,2025-10-15,48,N,next,10,"2025-09-28 01:29:10"
627,4,V3,2509,1176,1312,976,2025-10-16,56,N,next,11,"2025-09-28 01:29:10"
628,4,V3,2509,1176,1312,976,2025-10-17,56,N,next,12,"2025-09-28 01:29:10"
629,4,V3,2509,1176,1312,976,2025-10-20,48,N,next,13,"2025-09-28 01:29:10"
630,4,V3,2509,1176,1312,976,2025-10-21,72,N,next,14,"2025-09-28 01:29:10"
631,4,V3,2509,1176,1312,976,2025-10-22,72,N,next,15,"2025-09-28 01:29:10"
632,4,V3,2509,1176,1312,976,2025-10-23,48,N,next,16,"2025-09-28 01:29:10"
633,4,V3,2509,1176,1312,976,2025-10-24,72,N,next,17,"2025-09-28 01:29:10"
634,4,V3,2509,1176,1312,976,2025-10-27,48,N,next,18,"2025-09-28 01:29:10"
635,4,V3,2509,1176,1312,976,2025-10-28,64,N,next,19,"2025-09-28 01:29:10"
636,4,V3,2509,1176,1312,976,2025-10-29,56,N,next,20,"2025-09-28 01:29:10"
637,4,V3,2509,1176,1312,976,2025-10-30,56,N,next,21,"2025-09-28 01:29:10"
638,4,V3,2509,1176,1312,976,2025-10-31,56,N,next_next,1,"2025-09-28 01:29:10"
639,4,V3,2509,1176,1312,976,2025-11-04,56,N,next_next,2,"2025-09-28 01:29:10"
640,4,V3,2509,1176,1312,976,2025-11-05,64,N,next_next,3,"2025-09-28 01:29:10"
641,4,V3,2509,1176,1312,976,2025-11-06,48,N,next_next,4,"2025-09-28 01:29:10"
642,4,V3,2509,1176,1312,976,2025-11-07,56,N,next_next,5,"2025-09-28 01:29:10"
643,4,V3,2509,1176,1312,976,2025-11-10,56,N,next_next,6,"2025-09-28 01:29:10"
644,4,V3,2509,1176,1312,976,2025-11-11,56,N,next_next,7,"2025-09-28 01:29:10"
645,4,V3,2509,1176,1312,976,2025-11-12,56,N,next_next,8,"2025-09-28 01:29:10"
646,4,V3,2509,1176,1312,976,2025-11-13,56,N,next_next,9,"2025-09-28 01:29:10"
647,4,V3,2509,1176,1312,976,2025-11-14,64,N,next_next,10,"2025-09-28 01:29:10"
648,4,V3,2509,1176,1312,976,2025-11-17,64,N,next_next,11,"2025-09-28 01:29:10"
649,4,V3,2509,1176,1312,976,2025-11-18,56,N,next_next,12,"2025-09-28 01:29:10"
650,4,V3,2509,1176,1312,976,2025-11-19,64,N,next_next,13,"2025-09-28 01:29:10"
651,4,V3,2509,1176,1312,976,2025-11-20,72,N,next_next,14,"2025-09-28 01:29:10"
652,4,V3,2509,1176,1312,976,2025-11-21,16,N,next_next,15,"2025-09-28 01:29:10"
653,4,V3,2509,1176,1312,976,2025-11-24,24,N,next_next,16,"2025-09-28 01:29:10"
654,4,V3,2509,1176,1312,976,2025-11-25,56,N,next_next,17,"2025-09-28 01:29:10"
655,4,V3,2509,1176,1312,976,2025-11-26,56,N,next_next,18,"2025-09-28 01:29:10"
656,4,V3,2509,1176,1312,976,2025-11-27,56,N,next_next,19,"2025-09-28 01:29:10"
657,5,V3,2509,1176,1332,972,2025-09-01,69,NS,first,1,"2025-09-28 01:29:10"
658,5,V3,2509,1176,1332,972,2025-09-02,57,NS,first,2,"2025-09-28 01:29:10"
659,5,V3,2509,1176,1332,972,2025-09-03,72,NS,first,3,"2025-09-28 01:29:10"
660,5,V3,2509,1176,1332,972,2025-09-04,63,NS,first,4,"2025-09-28 01:29:10"
661,5,V3,2509,1176,1332,972,2025-09-05,54,NS,first,5,"2025-09-28 01:29:10"
662,5,V3,2509,1176,1332,972,2025-09-08,81,NS,first,6,"2025-09-28 01:29:10"
663,5,V3,2509,1176,1332,972,2025-09-10,39,NS,first,7,"2025-09-28 01:29:10"
664,5,V3,2509,1176,1332,972,2025-09-11,54,NS,first,8,"2025-09-28 01:29:10"
665,5,V3,2509,1176,1332,972,2025-09-12,69,NS,first,9,"2025-09-28 01:29:10"
666,5,V3,2509,1176,1332,972,2025-09-16,48,NS,first,10,"2025-09-28 01:29:10"
667,5,V3,2509,1176,1332,972,2025-09-17,57,NS,first,11,"2025-09-28 01:29:10"
668,5,V3,2509,1176,1332,972,2025-09-18,66,NS,first,12,"2025-09-28 01:29:10"
669,5,V3,2509,1176,1332,972,2025-09-19,51,NS,first,13,"2025-09-28 01:29:10"
670,5,V3,2509,1176,1332,972,2025-09-22,69,NS,first,14,"2025-09-28 01:29:10"
671,5,V3,2509,1176,1332,972,2025-09-23,51,NS,first,15,"2025-09-28 01:29:10"
672,5,V3,2509,1176,1332,972,2025-09-24,51,NS,first,16,"2025-09-28 01:29:10"
673,5,V3,2509,1176,1332,972,2025-09-25,51,NS,first,17,"2025-09-28 01:29:10"
674,5,V3,2509,1176,1332,972,2025-09-26,54,NS,first,18,"2025-09-28 01:29:10"
675,5,V3,2509,1176,1332,972,2025-09-29,72,NS,first,19,"2025-09-28 01:29:10"
676,5,V3,2509,1176,1332,972,2025-09-30,48,NS,first,20,"2025-09-28 01:29:10"
677,5,V3,2509,1176,1332,972,2025-10-01,69,NS,next,1,"2025-09-28 01:29:10"
678,5,V3,2509,1176,1332,972,2025-10-02,72,NS,next,2,"2025-09-28 01:29:10"
679,5,V3,2509,1176,1332,972,2025-10-03,54,NS,next,3,"2025-09-28 01:29:10"
680,5,V3,2509,1176,1332,972,2025-10-06,72,NS,next,4,"2025-09-28 01:29:10"
681,5,V3,2509,1176,1332,972,2025-10-07,54,NS,next,5,"2025-09-28 01:29:10"
682,5,V3,2509,1176,1332,972,2025-10-08,69,NS,next,6,"2025-09-28 01:29:10"
683,5,V3,2509,1176,1332,972,2025-10-09,57,NS,next,7,"2025-09-28 01:29:10"
684,5,V3,2509,1176,1332,972,2025-10-10,57,NS,next,8,"2025-09-28 01:29:10"
685,5,V3,2509,1176,1332,972,2025-10-14,60,NS,next,9,"2025-09-28 01:29:10"
686,5,V3,2509,1176,1332,972,2025-10-15,69,NS,next,10,"2025-09-28 01:29:10"
687,5,V3,2509,1176,1332,972,2025-10-16,45,NS,next,11,"2025-09-28 01:29:10"
688,5,V3,2509,1176,1332,972,2025-10-17,57,NS,next,12,"2025-09-28 01:29:10"
689,5,V3,2509,1176,1332,972,2025-10-20,54,NS,next,13,"2025-09-28 01:29:10"
690,5,V3,2509,1176,1332,972,2025-10-21,51,NS,next,14,"2025-09-28 01:29:10"
691,5,V3,2509,1176,1332,972,2025-10-22,72,NS,next,15,"2025-09-28 01:29:10"
692,5,V3,2509,1176,1332,972,2025-10-23,69,NS,next,16,"2025-09-28 01:29:10"
693,5,V3,2509,1176,1332,972,2025-10-24,54,NS,next,17,"2025-09-28 01:29:10"
694,5,V3,2509,1176,1332,972,2025-10-27,66,NS,next,18,"2025-09-28 01:29:10"
695,5,V3,2509,1176,1332,972,2025-10-28,54,NS,next,19,"2025-09-28 01:29:10"
696,5,V3,2509,1176,1332,972,2025-10-29,63,NS,next,20,"2025-09-28 01:29:10"
697,5,V3,2509,1176,1332,972,2025-10-30,57,NS,next,21,"2025-09-28 01:29:10"
698,5,V3,2509,1176,1332,972,2025-10-31,57,NS,next_next,1,"2025-09-28 01:29:10"
699,5,V3,2509,1176,1332,972,2025-11-04,57,NS,next_next,2,"2025-09-28 01:29:10"
700,5,V3,2509,1176,1332,972,2025-11-05,54,NS,next_next,3,"2025-09-28 01:29:10"
701,5,V3,2509,1176,1332,972,2025-11-06,57,NS,next_next,4,"2025-09-28 01:29:10"
702,5,V3,2509,1176,1332,972,2025-11-07,57,NS,next_next,5,"2025-09-28 01:29:10"
703,5,V3,2509,1176,1332,972,2025-11-10,54,NS,next_next,6,"2025-09-28 01:29:10"
704,5,V3,2509,1176,1332,972,2025-11-11,54,NS,next_next,7,"2025-09-28 01:29:10"
705,5,V3,2509,1176,1332,972,2025-11-12,57,NS,next_next,8,"2025-09-28 01:29:10"
706,5,V3,2509,1176,1332,972,2025-11-13,57,NS,next_next,9,"2025-09-28 01:29:10"
707,5,V3,2509,1176,1332,972,2025-11-14,57,NS,next_next,10,"2025-09-28 01:29:10"
708,5,V3,2509,1176,1332,972,2025-11-17,63,NS,next_next,11,"2025-09-28 01:29:10"
709,5,V3,2509,1176,1332,972,2025-11-18,57,NS,next_next,12,"2025-09-28 01:29:10"
710,5,V3,2509,1176,1332,972,2025-11-19,63,NS,next_next,13,"2025-09-28 01:29:10"
711,5,V3,2509,1176,1332,972,2025-11-20,63,NS,next_next,14,"2025-09-28 01:29:10"
712,5,V3,2509,1176,1332,972,2025-11-21,72,NS,next_next,15,"2025-09-28 01:29:10"
713,5,V3,2509,1176,1332,972,2025-11-24,15,NS,next_next,16,"2025-09-28 01:29:10"
714,5,V3,2509,1176,1332,972,2025-11-25,24,NS,next_next,17,"2025-09-28 01:29:10"
715,5,V3,2509,1176,1332,972,2025-11-26,57,NS,next_next,18,"2025-09-28 01:29:10"
716,5,V3,2509,1176,1332,972,2025-11-27,54,NS,next_next,19,"2025-09-28 01:29:10"
717,6,V3,2509,34,0,0,2025-09-01,3,NS,first,1,"2025-09-28 01:29:10"
718,6,V3,2509,34,0,0,2025-09-03,3,NS,first,2,"2025-09-28 01:29:10"
719,6,V3,2509,34,0,0,2025-09-04,3,NS,first,3,"2025-09-28 01:29:10"
720,6,V3,2509,34,0,0,2025-09-08,3,NS,first,4,"2025-09-28 01:29:10"
721,6,V3,2509,34,0,0,2025-09-09,3,NS,first,5,"2025-09-28 01:29:10"
722,6,V3,2509,34,0,0,2025-09-10,3,NS,first,6,"2025-09-28 01:29:10"
723,6,V3,2509,34,0,0,2025-09-11,3,NS,first,7,"2025-09-28 01:29:10"
724,6,V3,2509,34,0,0,2025-09-16,3,NS,first,8,"2025-09-28 01:29:10"
725,6,V3,2509,34,0,0,2025-09-17,3,NS,first,9,"2025-09-28 01:29:10"
726,6,V3,2509,34,0,0,2025-09-19,3,NS,first,10,"2025-09-28 01:29:10"
727,6,V3,2509,34,0,0,2025-09-25,4,NS,first,11,"2025-09-28 01:29:10"
728,9,V3,2509,6,0,0,2025-09-24,6,FS,first,1,"2025-09-28 01:29:10"
729,10,V3,2509,12,87,57,2025-09-29,6,NS,first,1,"2025-09-28 01:29:10"
730,10,V3,2509,12,87,57,2025-09-30,6,NS,first,2,"2025-09-28 01:29:10"
731,10,V3,2509,12,87,57,2025-10-01,9,NS,next,1,"2025-09-28 01:29:10"
732,10,V3,2509,12,87,57,2025-10-02,3,NS,next,2,"2025-09-28 01:29:10"
733,10,V3,2509,12,87,57,2025-10-03,3,NS,next,3,"2025-09-28 01:29:10"
734,10,V3,2509,12,87,57,2025-10-06,3,NS,next,4,"2025-09-28 01:29:10"
735,10,V3,2509,12,87,57,2025-10-07,6,NS,next,5,"2025-09-28 01:29:10"
736,10,V3,2509,12,87,57,2025-10-08,3,NS,next,6,"2025-09-28 01:29:10"
737,10,V3,2509,12,87,57,2025-10-09,3,NS,next,7,"2025-09-28 01:29:10"
738,10,V3,2509,12,87,57,2025-10-10,3,NS,next,8,"2025-09-28 01:29:10"
739,10,V3,2509,12,87,57,2025-10-14,6,NS,next,9,"2025-09-28 01:29:10"
740,10,V3,2509,12,87,57,2025-10-15,3,NS,next,10,"2025-09-28 01:29:10"
741,10,V3,2509,12,87,57,2025-10-16,6,NS,next,11,"2025-09-28 01:29:10"
742,10,V3,2509,12,87,57,2025-10-17,3,NS,next,12,"2025-09-28 01:29:10"
743,10,V3,2509,12,87,57,2025-10-20,6,NS,next,13,"2025-09-28 01:29:10"
744,10,V3,2509,12,87,57,2025-10-21,3,NS,next,14,"2025-09-28 01:29:10"
745,10,V3,2509,12,87,57,2025-10-22,3,NS,next,15,"2025-09-28 01:29:10"
746,10,V3,2509,12,87,57,2025-10-23,3,NS,next,16,"2025-09-28 01:29:10"
747,10,V3,2509,12,87,57,2025-10-28,6,NS,next,17,"2025-09-28 01:29:10"
748,10,V3,2509,12,87,57,2025-10-29,6,NS,next,18,"2025-09-28 01:29:10"
749,10,V3,2509,12,87,57,2025-10-30,6,NS,next,19,"2025-09-28 01:29:10"
750,10,V3,2509,12,87,57,2025-10-31,3,NS,next_next,1,"2025-09-28 01:29:10"
751,10,V3,2509,12,87,57,2025-11-04,3,NS,next_next,2,"2025-09-28 01:29:10"
752,10,V3,2509,12,87,57,2025-11-05,6,NS,next_next,3,"2025-09-28 01:29:10"
753,10,V3,2509,12,87,57,2025-11-06,3,NS,next_next,4,"2025-09-28 01:29:10"
754,10,V3,2509,12,87,57,2025-11-07,3,NS,next_next,5,"2025-09-28 01:29:10"
755,10,V3,2509,12,87,57,2025-11-10,6,NS,next_next,6,"2025-09-28 01:29:10"
756,10,V3,2509,12,87,57,2025-11-11,3,NS,next_next,7,"2025-09-28 01:29:10"
757,10,V3,2509,12,87,57,2025-11-12,3,NS,next_next,8,"2025-09-28 01:29:10"
758,10,V3,2509,12,87,57,2025-11-13,3,NS,next_next,9,"2025-09-28 01:29:10"
759,10,V3,2509,12,87,57,2025-11-14,3,NS,next_next,10,"2025-09-28 01:29:10"
760,10,V3,2509,12,87,57,2025-11-17,6,NS,next_next,11,"2025-09-28 01:29:10"
761,10,V3,2509,12,87,57,2025-11-18,3,NS,next_next,12,"2025-09-28 01:29:10"
762,10,V3,2509,12,87,57,2025-11-24,3,NS,next_next,13,"2025-09-28 01:29:10"
763,10,V3,2509,12,87,57,2025-11-25,3,NS,next_next,14,"2025-09-28 01:29:10"
764,10,V3,2509,12,87,57,2025-11-26,3,NS,next_next,15,"2025-09-28 01:29:10"
765,10,V3,2509,12,87,57,2025-11-27,6,NS,next_next,16,"2025-09-28 01:29:10"
766,7,V3,2509,808,0,0,2025-09-01,48,N,first,1,"2025-09-28 01:29:10"
767,7,V3,2509,808,0,0,2025-09-02,56,N,first,2,"2025-09-28 01:29:10"
768,7,V3,2509,808,0,0,2025-09-03,64,N,first,3,"2025-09-28 01:29:10"
769,7,V3,2509,808,0,0,2025-09-04,32,N,first,4,"2025-09-28 01:29:10"
770,7,V3,2509,808,0,0,2025-09-05,72,N,first,5,"2025-09-28 01:29:10"
771,7,V3,2509,808,0,0,2025-09-08,64,N,first,6,"2025-09-28 01:29:10"
772,7,V3,2509,808,0,0,2025-09-10,8,N,first,7,"2025-09-28 01:29:10"
773,7,V3,2509,808,0,0,2025-09-11,56,N,first,8,"2025-09-28 01:29:10"
774,7,V3,2509,808,0,0,2025-09-12,40,N,first,9,"2025-09-28 01:29:10"
775,7,V3,2509,808,0,0,2025-09-16,40,N,first,10,"2025-09-28 01:29:10"
776,7,V3,2509,808,0,0,2025-09-17,56,N,first,11,"2025-09-28 01:29:10"
777,7,V3,2509,808,0,0,2025-09-18,48,N,first,12,"2025-09-28 01:29:10"
778,7,V3,2509,808,0,0,2025-09-19,56,N,first,13,"2025-09-28 01:29:10"
779,7,V3,2509,808,0,0,2025-09-22,40,N,first,14,"2025-09-28 01:29:10"
780,7,V3,2509,808,0,0,2025-09-23,48,N,first,15,"2025-09-28 01:29:10"
781,7,V3,2509,808,0,0,2025-09-24,48,N,first,16,"2025-09-28 01:29:10"
782,7,V3,2509,808,0,0,2025-09-25,32,N,first,17,"2025-09-28 01:29:10"
783,11,V3,2509,8,0,0,2025-09-23,8,F,first,1,"2025-09-28 01:29:10"
784,12,V3,2509,136,1000,744,2025-09-26,48,N,first,1,"2025-09-28 01:29:10"
785,12,V3,2509,136,1000,744,2025-09-29,40,N,first,2,"2025-09-28 01:29:10"
786,12,V3,2509,136,1000,744,2025-09-30,48,N,first,3,"2025-09-28 01:29:10"
787,12,V3,2509,136,1000,744,2025-10-01,56,N,next,1,"2025-09-28 01:29:10"
788,12,V3,2509,136,1000,744,2025-10-02,40,N,next,2,"2025-09-28 01:29:10"
789,12,V3,2509,136,1000,744,2025-10-03,56,N,next,3,"2025-09-28 01:29:10"
790,12,V3,2509,136,1000,744,2025-10-06,40,N,next,4,"2025-09-28 01:29:10"
791,12,V3,2509,136,1000,744,2025-10-07,56,N,next,5,"2025-09-28 01:29:10"
792,12,V3,2509,136,1000,744,2025-10-08,40,N,next,6,"2025-09-28 01:29:10"
793,12,V3,2509,136,1000,744,2025-10-09,48,N,next,7,"2025-09-28 01:29:10"
794,12,V3,2509,136,1000,744,2025-10-10,40,N,next,8,"2025-09-28 01:29:10"
795,12,V3,2509,136,1000,744,2025-10-14,56,N,next,9,"2025-09-28 01:29:10"
796,12,V3,2509,136,1000,744,2025-10-15,32,N,next,10,"2025-09-28 01:29:10"
797,12,V3,2509,136,1000,744,2025-10-16,40,N,next,11,"2025-09-28 01:29:10"
798,12,V3,2509,136,1000,744,2025-10-17,40,N,next,12,"2025-09-28 01:29:10"
799,12,V3,2509,136,1000,744,2025-10-20,32,N,next,13,"2025-09-28 01:29:10"
800,12,V3,2509,136,1000,744,2025-10-21,56,N,next,14,"2025-09-28 01:29:10"
801,12,V3,2509,136,1000,744,2025-10-22,56,N,next,15,"2025-09-28 01:29:10"
802,12,V3,2509,136,1000,744,2025-10-23,40,N,next,16,"2025-09-28 01:29:10"
803,12,V3,2509,136,1000,744,2025-10-24,56,N,next,17,"2025-09-28 01:29:10"
804,12,V3,2509,136,1000,744,2025-10-27,48,N,next,18,"2025-09-28 01:29:10"
805,12,V3,2509,136,1000,744,2025-10-28,40,N,next,19,"2025-09-28 01:29:10"
806,12,V3,2509,136,1000,744,2025-10-29,40,N,next,20,"2025-09-28 01:29:10"
807,12,V3,2509,136,1000,744,2025-10-30,40,N,next,21,"2025-09-28 01:29:10"
808,12,V3,2509,136,1000,744,2025-10-31,48,N,next_next,1,"2025-09-28 01:29:10"
809,12,V3,2509,136,1000,744,2025-11-04,40,N,next_next,2,"2025-09-28 01:29:10"
810,12,V3,2509,136,1000,744,2025-11-05,40,N,next_next,3,"2025-09-28 01:29:10"
811,12,V3,2509,136,1000,744,2025-11-06,40,N,next_next,4,"2025-09-28 01:29:10"
812,12,V3,2509,136,1000,744,2025-11-07,48,N,next_next,5,"2025-09-28 01:29:10"
813,12,V3,2509,136,1000,744,2025-11-10,40,N,next_next,6,"2025-09-28 01:29:10"
814,12,V3,2509,136,1000,744,2025-11-11,40,N,next_next,7,"2025-09-28 01:29:10"
815,12,V3,2509,136,1000,744,2025-11-12,40,N,next_next,8,"2025-09-28 01:29:10"
816,12,V3,2509,136,1000,744,2025-11-13,48,N,next_next,9,"2025-09-28 01:29:10"
817,12,V3,2509,136,1000,744,2025-11-14,48,N,next_next,10,"2025-09-28 01:29:10"
818,12,V3,2509,136,1000,744,2025-11-17,48,N,next_next,11,"2025-09-28 01:29:10"
819,12,V3,2509,136,1000,744,2025-11-18,48,N,next_next,12,"2025-09-28 01:29:10"
820,12,V3,2509,136,1000,744,2025-11-19,48,N,next_next,13,"2025-09-28 01:29:10"
821,12,V3,2509,136,1000,744,2025-11-20,64,N,next_next,14,"2025-09-28 01:29:10"
822,12,V3,2509,136,1000,744,2025-11-24,24,N,next_next,15,"2025-09-28 01:29:10"
823,12,V3,2509,136,1000,744,2025-11-25,40,N,next_next,16,"2025-09-28 01:29:10"
824,12,V3,2509,136,1000,744,2025-11-26,40,N,next_next,17,"2025-09-28 01:29:10"
825,12,V3,2509,136,1000,744,2025-11-27,48,N,next_next,18,"2025-09-28 01:29:10"
826,8,V3,2509,860,0,0,2025-09-01,54,NS,first,1,"2025-09-28 01:29:10"
827,8,V3,2509,860,0,0,2025-09-02,42,NS,first,2,"2025-09-28 01:29:10"
828,8,V3,2509,860,0,0,2025-09-03,60,NS,first,3,"2025-09-28 01:29:10"
829,8,V3,2509,860,0,0,2025-09-04,51,NS,first,4,"2025-09-28 01:29:10"
830,8,V3,2509,860,0,0,2025-09-05,42,NS,first,5,"2025-09-28 01:29:10"
831,8,V3,2509,860,0,0,2025-09-08,69,NS,first,6,"2025-09-28 01:29:10"
832,8,V3,2509,860,0,0,2025-09-10,33,NS,first,7,"2025-09-28 01:29:10"
833,8,V3,2509,860,0,0,2025-09-11,42,NS,first,8,"2025-09-28 01:29:10"
834,8,V3,2509,860,0,0,2025-09-12,54,NS,first,9,"2025-09-28 01:29:10"
835,8,V3,2509,860,0,0,2025-09-16,42,NS,first,10,"2025-09-28 01:29:10"
836,8,V3,2509,860,0,0,2025-09-17,42,NS,first,11,"2025-09-28 01:29:10"
837,8,V3,2509,860,0,0,2025-09-18,57,NS,first,12,"2025-09-28 01:29:10"
838,8,V3,2509,860,0,0,2025-09-19,45,NS,first,13,"2025-09-28 01:29:10"
839,8,V3,2509,860,0,0,2025-09-22,54,NS,first,14,"2025-09-28 01:29:10"
840,8,V3,2509,860,0,0,2025-09-23,42,NS,first,15,"2025-09-28 01:29:10"
841,8,V3,2509,860,0,0,2025-09-24,48,NS,first,16,"2025-09-28 01:29:10"
842,8,V3,2509,860,0,0,2025-09-25,45,NS,first,17,"2025-09-28 01:29:10"
843,8,V3,2509,860,0,0,2025-09-26,38,NS,first,18,"2025-09-28 01:29:10"
844,13,V3,2509,3,0,0,2025-09-24,3,FS,first,1,"2025-09-28 01:29:10"
845,14,V3,2509,87,1005,747,2025-09-29,51,NS,first,1,"2025-09-28 01:29:10"
846,14,V3,2509,87,1005,747,2025-09-30,36,NS,first,2,"2025-09-28 01:29:10"
847,14,V3,2509,87,1005,747,2025-10-01,54,NS,next,1,"2025-09-28 01:29:10"
848,14,V3,2509,87,1005,747,2025-10-02,51,NS,next,2,"2025-09-28 01:29:10"
849,14,V3,2509,87,1005,747,2025-10-03,42,NS,next,3,"2025-09-28 01:29:10"
850,14,V3,2509,87,1005,747,2025-10-06,54,NS,next,4,"2025-09-28 01:29:10"
851,14,V3,2509,87,1005,747,2025-10-07,42,NS,next,5,"2025-09-28 01:29:10"
852,14,V3,2509,87,1005,747,2025-10-08,54,NS,next,6,"2025-09-28 01:29:10"
853,14,V3,2509,87,1005,747,2025-10-09,42,NS,next,7,"2025-09-28 01:29:10"
854,14,V3,2509,87,1005,747,2025-10-10,45,NS,next,8,"2025-09-28 01:29:10"
855,14,V3,2509,87,1005,747,2025-10-14,42,NS,next,9,"2025-09-28 01:29:10"
856,14,V3,2509,87,1005,747,2025-10-15,54,NS,next,10,"2025-09-28 01:29:10"
857,14,V3,2509,87,1005,747,2025-10-16,33,NS,next,11,"2025-09-28 01:29:10"
858,14,V3,2509,87,1005,747,2025-10-17,39,NS,next,12,"2025-09-28 01:29:10"
859,14,V3,2509,87,1005,747,2025-10-20,42,NS,next,13,"2025-09-28 01:29:10"
860,14,V3,2509,87,1005,747,2025-10-21,36,NS,next,14,"2025-09-28 01:29:10"
861,14,V3,2509,87,1005,747,2025-10-22,54,NS,next,15,"2025-09-28 01:29:10"
862,14,V3,2509,87,1005,747,2025-10-23,54,NS,next,16,"2025-09-28 01:29:10"
863,14,V3,2509,87,1005,747,2025-10-24,42,NS,next,17,"2025-09-28 01:29:10"
864,14,V3,2509,87,1005,747,2025-10-27,60,NS,next,18,"2025-09-28 01:29:10"
865,14,V3,2509,87,1005,747,2025-10-28,45,NS,next,19,"2025-09-28 01:29:10"
866,14,V3,2509,87,1005,747,2025-10-29,39,NS,next,20,"2025-09-28 01:29:10"
867,14,V3,2509,87,1005,747,2025-10-30,42,NS,next,21,"2025-09-28 01:29:10"
868,14,V3,2509,87,1005,747,2025-10-31,39,NS,next_next,1,"2025-09-28 01:29:10"
869,14,V3,2509,87,1005,747,2025-11-04,42,NS,next_next,2,"2025-09-28 01:29:10"
870,14,V3,2509,87,1005,747,2025-11-05,42,NS,next_next,3,"2025-09-28 01:29:10"
871,14,V3,2509,87,1005,747,2025-11-06,42,NS,next_next,4,"2025-09-28 01:29:10"
872,14,V3,2509,87,1005,747,2025-11-07,42,NS,next_next,5,"2025-09-28 01:29:10"
873,14,V3,2509,87,1005,747,2025-11-10,42,NS,next_next,6,"2025-09-28 01:29:10"
874,14,V3,2509,87,1005,747,2025-11-11,42,NS,next_next,7,"2025-09-28 01:29:10"
875,14,V3,2509,87,1005,747,2025-11-12,42,NS,next_next,8,"2025-09-28 01:29:10"
876,14,V3,2509,87,1005,747,2025-11-13,42,NS,next_next,9,"2025-09-28 01:29:10"
877,14,V3,2509,87,1005,747,2025-11-14,45,NS,next_next,10,"2025-09-28 01:29:10"
878,14,V3,2509,87,1005,747,2025-11-17,51,NS,next_next,11,"2025-09-28 01:29:10"
879,14,V3,2509,87,1005,747,2025-11-18,42,NS,next_next,12,"2025-09-28 01:29:10"
880,14,V3,2509,87,1005,747,2025-11-19,51,NS,next_next,13,"2025-09-28 01:29:10"
881,14,V3,2509,87,1005,747,2025-11-20,54,NS,next_next,14,"2025-09-28 01:29:10"
882,14,V3,2509,87,1005,747,2025-11-21,63,NS,next_next,15,"2025-09-28 01:29:10"
883,14,V3,2509,87,1005,747,2025-11-25,21,NS,next_next,16,"2025-09-28 01:29:10"
884,14,V3,2509,87,1005,747,2025-11-26,42,NS,next_next,17,"2025-09-28 01:29:10"
885,14,V3,2509,87,1005,747,2025-11-27,42,NS,next_next,18,"2025-09-28 01:29:10"
